timestamp,pct_actas,fp_votos_actuales,jp_votos_actuales,fp_pct_actual,jp_pct_actual,fp_votos_proyectados,jp_votos_proyectados,fp_pct_proyectado,jp_pct_proyectado,fp_win_prob,jp_win_prob,margin_mean,margin_p5,margin_p95
2026-06-08 12:06:37,89.08,8491039,8222406,50.804,49.196,9238228,9197148,50.111,49.889,73.57,26.43,0.114,-0.194,0.404
2026-06-08 12:33:00,91.87,8664408,8565008,50.288,49.712,9252421,9214159,50.104,49.896,74.03,25.97,0.102,-0.172,0.364
2026-06-08 13:08:51,92.11,8714655,8631192,50.241,49.759,9291229,9259503,50.086,49.914,71.0,29.0,0.088,-0.168,0.337
2026-06-08 14:21:52,92.73,8721469,8660953,50.174,49.826,9269181,9224290,50.121,49.879,80.8,19.2,0.122,-0.12,0.351
2026-06-08 15:04:30,92.9,8703122,8680030,50.066,49.934,9244430,9224713,50.053,49.947,65.0,35.0,0.056,-0.183,0.286
2026-06-08 15:18:12,92.89,8736311,8699797,50.105,49.895,9280976,9243067,50.102,49.898,74.73,25.27,0.103,-0.136,0.346
2026-06-08 15:46:28,93.08,8734680,8704607,50.086,49.914,9269287,9229940,50.106,49.894,77.77,22.23,0.112,-0.13,0.349
2026-06-08 16:32:13,93.16,8755764,8730608,50.072,49.928,9283310,9244036,50.106,49.894,76.93,23.07,0.107,-0.137,0.339
2026-06-08 16:35:50,93.16,8755764,8730608,50.072,49.928,9283310,9244036,50.106,49.894,76.93,23.07,0.107,-0.137,0.339
2026-06-08 16:40:50,93.29,8756646,8732482,50.069,49.931,9268345,9233836,50.093,49.907,75.3,24.7,0.093,-0.148,0.326
2026-06-08 16:49:07,93.22,8759561,8736620,50.066,49.934,9283492,9246880,50.099,49.901,74.47,25.53,0.094,-0.14,0.333
2026-06-08 16:54:59,93.22,8759561,8736620,50.066,49.934,9283492,9246880,50.099,49.901,74.47,25.53,0.094,-0.14,0.333
2026-06-08 17:00:07,93.26,8760514,8740134,50.058,49.942,9276979,9244970,50.086,49.914,73.23,26.77,0.089,-0.143,0.318
2026-06-08 17:13:44,93.33,8764284,8747478,50.048,49.952,9275937,9248160,50.075,49.925,69.63,30.37,0.073,-0.169,0.309
2026-06-08 17:27:12,93.39,8765154,8749850,50.044,49.956,9273594,9236149,50.101,49.899,75.37,24.63,0.102,-0.131,0.338
2026-06-08 17:40:43,93.43,8766491,8752098,50.041,49.959,9273826,9238571,50.095,49.905,74.5,25.5,0.093,-0.143,0.322
2026-06-08 17:54:21,93.47,8769222,8756887,50.035,49.965,9272640,9235486,50.1,49.9,75.4,24.6,0.101,-0.148,0.329
2026-06-08 18:07:56,93.53,8771245,8762427,50.025,49.975,9273528,9235006,50.104,49.896,76.77,23.23,0.104,-0.131,0.337
2026-06-08 18:21:29,93.59,8772842,8766106,50.019,49.981,9272374,9231411,50.111,49.889,77.97,22.03,0.109,-0.128,0.34
2026-06-08 18:34:59,93.69,8775952,8769657,50.018,49.982,9355129,9268150,50.234,49.766,90.9,9.1,0.236,-0.055,0.517
2026-06-08 18:48:34,93.65,8777370,8771479,50.017,49.983,9366326,9278550,50.235,49.765,90.47,9.53,0.234,-0.07,0.518
2026-06-08 19:02:14,93.76,8779718,8775701,50.011,49.989,9357874,9266632,50.245,49.755,91.97,8.03,0.246,-0.047,0.528
2026-06-08 19:15:45,94.02,8781196,8777432,50.011,49.989,9326066,9250794,50.203,49.797,88.3,11.7,0.204,-0.082,0.48
2026-06-08 19:29:13,93.78,8781831,8779774,50.006,49.994,9361082,9265066,50.258,49.742,93.27,6.73,0.255,-0.02,0.536
2026-06-08 23:25:12,94.66,8821586,8849715,49.92,50.08,9346100,9252265,50.252,49.748,91.9,8.1,0.253,-0.042,0.543
2026-06-08 23:38:57,94.72,8824170,8853317,49.918,50.082,9347205,9272430,50.201,49.799,86.93,13.07,0.2,-0.103,0.489
2026-06-08 23:52:27,94.88,8824568,8854867,49.914,50.086,9335400,9237256,50.264,49.736,93.07,6.93,0.271,-0.024,0.552
2026-06-09 00:05:56,94.92,8824569,8855008,49.914,50.086,9277497,9206657,50.192,49.808,90.3,9.7,0.193,-0.056,0.429
2026-06-09 00:19:23,94.78,8824611,8855273,49.913,50.087,9285715,9221171,50.174,49.826,88.0,12.0,0.174,-0.073,0.418
2026-06-09 00:32:47,94.82,8824791,8857987,49.906,50.094,9238783,9189271,50.134,49.866,85.6,14.4,0.131,-0.075,0.33
2026-06-09 00:45:41,94.84,8825481,8860379,49.901,50.099,9237161,9188593,50.132,49.868,84.9,15.1,0.13,-0.082,0.33
2026-06-09 00:59:03,94.85,8826104,8861247,49.901,50.099,9241060,9193037,50.13,49.87,85.07,14.93,0.131,-0.075,0.327
2026-06-09 01:10:47,94.85,8826104,8861247,49.901,50.099,9242025,9192108,50.135,49.865,84.5,15.5,0.135,-0.075,0.341
2026-06-09 01:10:57,94.85,8826104,8861247,49.901,50.099,9242025,9192108,50.135,49.865,84.5,15.5,0.135,-0.075,0.341
2026-06-09 01:12:34,94.88,8826639,8862201,49.899,50.101,9247532,9193545,50.146,49.854,87.1,12.9,0.147,-0.071,0.358
2026-06-09 01:17:23,94.88,8826639,8862201,49.899,50.101,9247532,9193545,50.146,49.854,87.1,12.9,0.147,-0.071,0.358
2026-06-09 01:25:34,94.9,8828096,8863825,49.899,50.101,9242027,9191669,50.137,49.863,85.3,14.7,0.135,-0.08,0.34
2026-06-09 01:38:59,94.94,8829215,8865215,49.898,50.102,9248435,9194570,50.146,49.854,86.6,13.4,0.141,-0.069,0.353
2026-06-09 01:51:30,94.94,8829215,8865215,49.898,50.102,9248390,9193376,50.149,49.851,86.83,13.17,0.149,-0.065,0.359
2026-06-09 02:04:26,94.94,8829350,8865445,49.898,50.102,9248460,9193497,50.149,49.851,86.83,13.17,0.149,-0.065,0.359
2026-06-09 02:16:51,94.95,8831467,8867912,49.897,50.103,9318790,9238417,50.217,49.783,89.8,10.2,0.221,-0.073,0.494
2026-06-09 02:29:16,94.98,8832157,8869772,49.894,50.106,9272580,9211483,50.165,49.835,88.67,11.33,0.172,-0.063,0.391
2026-06-09 02:41:40,95.0,8832339,8870794,49.891,50.109,9272344,9209859,50.169,49.831,89.67,10.33,0.18,-0.046,0.4
2026-06-09 02:54:05,95.02,8832661,8873964,49.883,50.117,9271987,9211287,50.164,49.836,87.53,12.47,0.16,-0.073,0.389
2026-06-09 03:06:31,95.04,8832786,8874898,49.881,50.119,9271908,9209592,50.169,49.831,87.9,12.1,0.17,-0.067,0.389
2026-06-09 03:18:55,95.05,8833248,8875353,49.881,50.119,9272146,9209581,50.169,49.831,88.03,11.97,0.171,-0.066,0.39
2026-06-09 03:31:11,95.05,8833250,8875584,49.88,50.12,9272132,9209642,50.169,49.831,87.93,12.07,0.17,-0.067,0.39
2026-06-09 03:43:38,95.06,8833849,8878371,49.874,50.126,9273571,9217686,50.151,49.849,85.5,14.5,0.154,-0.082,0.382
2026-06-09 03:56:02,95.12,8836471,8880097,49.877,50.123,9270988,9207780,50.171,49.829,89.1,10.9,0.17,-0.056,0.394
2026-06-09 04:08:26,95.14,8838213,8880924,49.879,50.121,9269068,9207263,50.167,49.833,87.93,12.07,0.166,-0.071,0.391
2026-06-09 04:20:50,95.15,8839043,8881344,49.881,50.119,9268123,9206140,50.168,49.832,87.87,12.13,0.165,-0.068,0.381
2026-06-09 04:33:14,95.16,8840108,8881818,49.882,50.118,9268738,9206031,50.17,49.83,88.1,11.9,0.167,-0.066,0.382
2026-06-09 04:45:31,95.16,8840168,8881903,49.882,50.118,9268757,9206045,50.17,49.83,87.93,12.07,0.167,-0.067,0.383
2026-06-09 04:57:53,95.17,8841410,8882587,49.884,50.116,9270610,9206614,50.173,49.827,88.87,11.13,0.171,-0.061,0.391
2026-06-09 05:10:13,95.2,8842233,8883083,49.885,50.115,9268356,9204862,50.172,49.828,89.77,10.23,0.174,-0.055,0.393
2026-06-09 05:22:36,95.21,8842810,8883893,49.884,50.116,9268057,9204482,50.172,49.828,89.73,10.27,0.171,-0.05,0.385
2026-06-09 05:34:59,95.22,8843079,8884392,49.883,50.117,9267732,9204333,50.172,49.828,88.3,11.7,0.171,-0.06,0.397
2026-06-09 05:47:17,95.24,8844036,8885329,49.884,50.116,9267192,9203669,50.172,49.828,89.0,11.0,0.171,-0.06,0.389
2026-06-09 05:59:41,95.26,8845919,8886617,49.885,50.115,9267646,9202262,50.177,49.823,90.53,9.47,0.178,-0.044,0.391
2026-06-09 06:11:59,95.27,8846094,8886705,49.885,50.115,9264348,9201647,50.17,49.83,88.53,11.47,0.168,-0.058,0.382
2026-06-09 06:24:15,95.27,8846463,8886975,49.886,50.114,9264981,9202077,50.17,49.83,88.6,11.4,0.168,-0.056,0.383
2026-06-09 06:36:38,95.29,8849825,8889322,49.889,50.111,9296998,9216724,50.217,49.783,92.47,7.53,0.223,-0.041,0.469
